Category,Total_Sales,Avg_Sales
Books,2262960.205,516.6575810502284
Clothing,2323351.105,530.4454577625571
Electronics,2335726.165,533.2708139269406
Home & Garden,2356355.5425,537.9807174657534
Sports & Outdoors,2329156.59,531.7709109589041
