Model,MAE ($),RMSE ($),MAPE (%),SMAPE (%)
SARIMA,1785.0498101413052,2507.3467750008426,11.850275535694761,12.40451757304207
Prophet,1186.1295517374876,1605.1317303515204,8.892075178384932,8.407979655852255
Random Forest,1309.8083082639023,1309.8083082639023,6.877326419631616,7.122236133262313
