Region,Total_Sales,Avg_Sales
East,2906869.185,530.9350109589042
North,2571087.5524999998,469.6050324200913
South,3224485.0625,588.9470433789954
West,2905107.8075,530.613298173516
