Weekday,Avg_Sales
0,482.4167828525641
1,482.87849599358975
2,474.55362820512823
3,476.85478605769225
4,477.94548328025473
5,654.517173566879
6,659.713803343949
